mac_id,temp,humidity,Network strength,firmware version,type,timestamp,current,power,voltage,current_kwh,power factor,caliberation factor
,35,,,,do,24/7/2021 11:10:08.230010,,5,,,,
,20,,,,dp,24/7/2021 11:15:08.230010,,6,,,,
,28,,,,dp,24/7/2021 11:45:08.230010,,15,,,,
,32,,,,dp,24/7/2021 12:30:08.230010,,20,,,,
,33,,,,dp,24/7/2021 12:33:08.230010,,25,,,,
,,,,,dp,24/7/2021 12:37:08.230010,,30,,,,
,,,,,dp,24/7/2021 12:50:08.230010,,35,,,,
,,,,,dp,24/7/2021 13:05:08.230010,,37,,,,
,,,,,dp,24/7/2021 13:37:08.230010,,40,,,,
